Node_name_1;Node_name_2;Node_name_3;Node_name_4;Article_ID_List;Node_number_1;Node_number_2;Node_number_3;Node_number_4
['transport'];['car'];['passeng'];;[737, 1339, 1922, 1965];1;1;1;
['transport'];['car'];['car'];['electr'];[503, 1228, 1487, 1652, 1783];1;1;2;1
['transport'];['car'];['car'];['car'];[354, 512, 579, 943, 1307, 1314, 1365, 1862, 1864, 1866, 2093, 2296, 2482];1;1;2;2
['transport'];['car'];['fleet'];;[86, 1377, 2204, 2761];1;1;3;
['transport'];['vehicl'];['fleet'];['electr'];[656, 1185, 2537];1;2;4;3
['transport'];['vehicl'];['fleet'];['fleet'];[135, 1085, 1651, 2414, 2700, 2779];1;2;4;4
['transport'];['vehicl'];['fleet'];['oil'];[807, 939, 2431];1;2;4;5
['transport'];['vehicl'];['fleet'];['fuel'];[153, 160, 162, 402, 459, 962];1;2;4;6
['transport'];['vehicl'];['vehicl'];['vehicl'];[383, 474, 531, 549, 602, 649, 653, 728, 801, 814, 942, 1718, 2020, 2198, 2213, 2214, 2221, 2340, 2343, 2469, 2541, 2677, 2721, 2739, 2751, 2777, 2839];1;2;5;7
['transport'];['vehicl'];['vehicl'];['transport'];[7, 122, 247, 510, 545, 680, 813, 1265, 1415, 1851, 2089, 2138, 2139, 2250, 2354];1;2;5;8
['transport'];['vehicl'];['vehicl'];['vehicl'];[294, 304, 386, 398, 497, 612, 898, 934, 986, 1092, 1105, 1150, 1425, 1557, 1729, 1914, 1973, 1992, 2017, 2025, 2027, 2062, 2538, 2638, 2644, 2689, 2725, 2741, 2832, 2880];1;2;5;9
['transport'];['vehicl'];['hydrogen'];;[648, 987, 1153, 1507, 1586, 1900, 2352, 2419, 2421];1;2;6;
['transport'];['transport'];['road'];['transport'];[81, 738, 753, 912, 1001, 1118, 1132, 1209, 1397, 1412, 2130, 2257, 2436, 2493, 2554];1;3;7;10
['transport'];['transport'];['road'];['ghg'];[792, 1287, 2060, 2518, 2566, 2742];1;3;7;11
['transport'];['transport'];['transport'];['citi'];[18, 66, 152, 495, 904, 1787, 1803, 2011, 2041, 2477, 2501, 2551, 2710];1;3;8;12
['transport'];['transport'];['transport'];['transport'];[518, 720, 739, 824, 951, 972, 1038, 1056, 1084, 1362, 1370, 1381, 1621, 1660, 1758, 1795, 1810, 1998, 2241, 2344, 2376, 2406, 2426];1;3;8;13
['transport'];['transport'];['transport'];['transport'];[20, 558, 1034, 1080, 1151, 1168, 1360, 1376, 1378, 1666, 1697, 1756, 1800, 1859, 1889, 2107, 2136, 2137, 2255, 2256, 2312, 2329, 2394, 2485, 2495, 2547, 2769, 2809, 2811, 2816, 2877];1;3;9;14
['transport'];['transport'];['transport'];['transport'];[470, 647, 761, 1059, 1100, 1144, 1262, 1410, 1452, 1509, 1678, 1734, 1773, 1855, 2142, 2146, 2154, 2185, 2186, 2289, 2383, 2487, 2502, 2519, 2525, 2544, 2553, 2565, 2759];1;3;9;15
['power'];['cc'];['cc'];['technolog'];[268, 1137, 1305, 1563, 1600, 1654, 1656, 1939, 2268, 2578];2;4;10;16
['power'];['cc'];['cc'];['cc'];[199, 336, 678, 810, 859, 868, 876, 954, 1015, 1130, 1348, 1403, 1476, 1517, 1622, 1753, 1778, 1808, 1822, 1834, 1925, 1952, 2073, 2111, 2143, 2183, 2309, 2313, 2805, 2810, 2882];2;4;10;17
['power'];['cc'];['plant'];['plant'];[820, 964, 1270, 1471, 1478, 1551, 1766, 1984, 2181, 2572, 2856, 2878];2;4;11;18
['power'];['cc'];['plant'];['network'];[953, 1760, 2514];2;4;11;19
['power'];['power'];['power'];['generat'];[291, 322, 345, 393, 415, 749, 769, 819, 1177, 1560, 1680, 2043, 2064, 2080, 2194, 2237, 2464, 2471, 2543, 2559, 2653, 2717, 2766, 2846, 2847];2;5;12;20
['power'];['power'];['power'];['power'];[22, 149, 167, 171, 172, 320, 325, 382, 390, 392, 396, 434, 447, 471, 476, 541, 583, 585, 597, 614, 618, 717, 733, 783, 851, 855, 886, 889, 907, 920, 969, 1002, 1003, 1088, 1173, 1195, 1283, 1284, 1340, 1352, 1540, 1573, 1640, 1646, 1648, 1698, 1701, 1913, 1931, 1936, 1948, 1975, 2010, 2012, 2018, 2077, 2119, 2232, 2319, 2334, 2378, 2390, 2594];2;5;12;21
['power'];['power'];['plant'];['power'];[168, 176, 251, 344, 464, 469, 803, 936, 1070, 1089, 1107, 1196, 1199, 1559, 1618, 1740, 1757, 1769, 1949, 1950, 1958, 1966, 1985, 2030, 2053, 2054, 2061, 2067, 2076, 2122, 2223, 2253, 2254, 2582, 2715, 2744, 2754, 2781, 2842];2;5;13;22
['power'];['power'];['plant'];['coal'];[67, 252, 403, 405, 466, 515, 543, 677, 746, 817, 975, 1018, 1025, 1054, 1086, 1104, 1187, 1732, 1747, 1779, 1782, 1796, 2819];2;5;13;23
['power'];['power'];['wind'];['technolog'];[816, 931, 981, 1407, 2535];2;5;14;24
['power'];['power'];['wind'];['power'];[185, 522, 598, 601, 650, 685, 779, 864, 1065, 1665, 2039, 2114, 2387, 2623, 2838];2;5;14;25
['power'];['nuclear'];['new'];['nuclear'];[1315, 1400, 1570, 1589, 1619, 2126, 2681, 2795];2;6;15;26
['power'];['nuclear'];['new'];['target'];[1461, 1506, 1910, 2000];2;6;15;27
['power'];['nuclear'];['power'];['power'];[41, 891, 1119, 1690, 1957, 1982, 1983, 1989, 1994, 1995, 2082, 2835];2;6;16;28
['power'];['nuclear'];['power'];['nuclear'];[58, 62, 281, 1260, 1537, 2110];2;6;16;29
['power'];['nuclear'];['power'];['solut'];[1390];2;6;16;30
['power'];['nuclear'];['nuclear'];['nuclear'];[4, 282, 565, 1063, 1123, 1128, 1133, 1423, 1428, 1435, 1490, 1579, 1826, 1974, 1981, 1993, 1996, 2087, 2102, 2104, 2131, 2627, 2804];2;6;17;31
['power'];['nuclear'];['nuclear'];['hydrogen'];[1420, 1426];2;6;17;32
['power'];['nuclear'];['target'];;[1926, 1959, 1963, 1976, 2123, 2577, 2593];2;6;18;
['power'];['electr'];['price'];['gas'];[703, 1833, 2498, 2597, 2640, 2678, 2693, 2807, 2861];2;7;19;33
['power'];['electr'];['price'];['price'];[31, 33, 644, 715, 1055, 1725, 2420, 2657, 2661, 2663];2;7;19;34
['power'];['electr'];['price'];['carbon'];[5, 32, 39, 751, 2656];2;7;19;35
['power'];['electr'];['price'];['bau'];[2560, 2561, 2619];2;7;19;36
['power'];['electr'];['electr'];['electr'];[16, 24, 27, 119, 139, 271, 273, 285, 831, 853, 966, 1066, 1073, 1101, 1110, 1120, 1121, 1124, 1186, 1211, 1328, 1384, 1499, 1624, 1869, 1876, 1897, 1934, 2035, 2156, 2161, 2171, 2189, 2192, 2388, 2395, 2401, 2407, 2416, 2417, 2460, 2478, 2536, 2728, 2780, 2874];2;7;20;37
['power'];['electr'];['electr'];['electr'];[181, 257, 259, 267, 269, 286, 516, 586, 665, 1030, 1032, 1047, 1111, 1113, 1155, 1165, 1210, 1411, 1429, 1501, 1542, 1569, 1643, 1658, 1675, 1714, 1827, 1878, 1921, 1980, 2112, 2182, 2196, 2259, 2269, 2333, 2345, 2370, 2396, 2398, 2422, 2456, 2574, 2703, 2788, 2864];2;7;20;38
['power'];['electr'];['cost'];['system'];[272, 365, 1074, 1081, 1098, 1145, 1189, 1257, 1259, 1289, 1295, 1310, 1312, 1354, 1367, 1368, 1369, 1462, 1489, 1492, 1497, 1510, 1511, 1543, 1601, 1611, 1614, 1721, 2290, 2405, 2418, 2450, 2695, 2747, 2860];2;7;21;39
['power'];['electr'];['cost'];['cost'];[28, 629, 1008, 1060, 1325, 1518, 1539, 1639, 1708, 2098, 2231, 2260, 2503, 2596, 2765, 2798, 2858];2;7;21;40
['power'];['renew'];['system'];['strategi'];[337, 1742, 2291];2;8;22;41
['power'];['renew'];['system'];['decarbonis'];[1277, 1329, 1450, 1451, 1632, 2403];2;8;22;42
['power'];['renew'];['system'];['cost'];[888, 1590, 2276, 2641];2;8;22;43
['power'];['renew'];['system'];['indc'];[570, 1951, 2532];2;8;22;44
['power'];['renew'];['system'];['examin'];[105, 1860];2;8;22;45
['power'];['renew'];['renew'];['renew'];[89, 101, 582, 760, 771, 881, 917, 1114, 1454, 1585, 1592, 1629, 1634, 1702, 1785, 1804, 1832, 1844, 2032, 2038, 2092, 2109, 2117, 2413, 2458, 2569, 2625, 2748, 2794, 2885];2;8;23;46
['power'];['renew'];['renew'];['cost'];[280, 1096, 1172, 1835, 1930, 2247, 2348, 2595, 2613, 2691, 2869, 2884];2;8;23;47
['power'];['renew'];['wind'];['grid'];[1457, 1865];2;8;24;48
['power'];['renew'];['wind'];['wind'];[1190, 1463, 1604, 2105, 2351];2;8;24;49
['power'];['renew'];['wind'];['hydrogen'];[47, 1068, 1414, 2212];2;8;24;50
['power'];['renew'];['wind'];['renew'];[0, 64, 371, 1083, 1220, 1885, 1919, 2316, 2462, 2631, 2697];2;8;24;51
['power'];['renew'];['solar'];['solar'];[49, 103, 116, 124, 213, 279, 548, 732, 970, 1093, 1203, 1500, 1522, 1884, 2047, 2360, 2364, 2634, 2746, 2823];2;8;25;52
['power'];['renew'];['solar'];['decc'];[1583];2;8;25;53
['power'];['renew'];['renew'];['renew'];[115, 352, 368, 387, 547, 1078, 1106, 1272, 1300, 1380, 1385, 1599, 1797, 1831, 2066, 2267, 2272, 2424, 2427, 2526, 2612];2;8;26;54
['power'];['renew'];['renew'];['dispatch'];[748, 1776, 1819];2;8;26;55
['power'];['renew'];['renew'];['grid'];[1863, 1990, 2391];2;8;26;56
['climat'];['flood'];['soil'];;[802, 847, 1180, 1396, 1857, 2127, 2393, 2452, 2567];3;9;27;
['climat'];['flood'];['flood'];['flood'];[108, 505, 537, 1694, 1871, 1979, 2271, 2311, 2598, 2850, 2886];3;9;28;57
['climat'];['flood'];['flood'];['risk'];[50, 556, 756, 1663, 1687, 1905, 2280, 2350, 2650, 2719];3;9;28;58
['climat'];['flood'];['coastal'];['mangrov'];[796, 848];3;9;29;59
['climat'];['flood'];['coastal'];['coastal'];[221, 825, 1637, 1641, 1653, 2147, 2637, 2690];3;9;29;60
['climat'];['flood'];['coastal'];['dykeland'];[239];3;9;29;61
['climat'];['flood'];['coastal'];['shorelin'];[1644, 2533];3;9;29;62
['climat'];['flood'];['coastal'];['rer'];[373];3;9;29;63
['climat'];['flood'];['adapt'];;[288, 2236, 2369, 2674, 2787, 2827];3;9;30;
['climat'];['flood'];['land'];['popul'];[90, 217, 2723, 2730, 2733, 2784];3;9;31;64
['climat'];['flood'];['land'];['land'];[9, 532, 877, 1099, 1556, 1713, 1843, 1875, 1877, 2353, 2531, 2729];3;9;31;65
['climat'];['water'];['water'];['water'];[238, 950, 1164, 1743, 1765, 1837, 1886, 2234, 2371, 2408, 2714];3;10;32;66
['climat'];['water'];['water'];['water'];[113, 260, 296, 374, 454, 486, 621, 639, 661, 774, 845, 959, 1169, 1182, 1201, 1216, 1422, 1484, 1536, 1836, 1909, 2258, 2322, 2336, 2410, 2516, 2608, 2701, 2732, 2764, 2768, 2870];3;10;32;67
['climat'];['water'];['water'];['qualiti'];[1754, 1815, 2670, 2722];3;10;32;68
['climat'];['water'];['land'];['food'];[573, 1004, 1181, 1775, 1811, 1932, 2180, 2366, 2666];3;10;33;69
['climat'];['water'];['land'];['land'];[137, 195, 283, 979, 1194, 1431, 1969, 2479];3;10;33;70
['climat'];['crop'];['climat'];['yield'];[989, 2177, 2337, 2381];3;11;34;71
['climat'];['crop'];['climat'];['yield'];[60, 93, 164, 519, 755, 871, 1048, 1223, 1224, 1433, 1794, 1887, 2409, 2680, 2684, 2737, 2773];3;11;34;72
['climat'];['crop'];['climat'];['soil'];[37, 218, 256, 520, 659, 770, 812, 911, 965, 1016, 1881, 1999];3;11;34;73
['climat'];['crop'];['climat'];['climat'];[13, 44, 61, 289, 290, 456, 842, 1011, 1067, 1136, 1208, 1535, 1587, 1647, 1724, 1764, 1767, 1780, 1904, 1912, 2220, 2335, 2365, 2402, 2550, 2843];3;11;34;74
['climat'];['crop'];['agricultur'];['agricultur'];[3, 57, 65, 80, 111, 112, 118, 786, 991, 1044, 1045, 1158, 1413, 1584, 1736, 1802, 1839, 2590, 2848];3;11;35;75
['climat'];['crop'];['agricultur'];['food'];[98, 836, 1126, 1127, 1221, 1238, 1311, 1516, 1723, 1786, 2467];3;11;35;76
['climat'];['crop'];['farm'];;[55, 75, 219, 237, 1424, 2274, 2300, 2317, 2346];3;11;36;
['climat'];['climat'];['rcp'];['heat'];[34, 535, 536, 2270, 2363];3;12;37;77
['climat'];['climat'];['rcp'];['qualiti'];[463, 734, 1751, 2682, 2750];3;12;37;78
['climat'];['climat'];['rcp'];['rcp'];[233, 496, 507, 669, 745, 808, 867, 1046, 1218, 1638, 1737, 2150, 2392, 2658];3;12;37;79
['climat'];['climat'];['climat'];['substitut'];[1971, 1972];3;12;38;80
['climat'];['climat'];['climat'];['speci'];[97, 209, 854, 910, 1041, 1219, 1750, 2168, 2760, 2786];3;12;38;81
['climat'];['climat'];['climat'];['climat'];[17, 53, 59, 169, 196, 243, 249, 376, 587, 643, 757, 764, 804, 985, 1052, 1197, 1434, 1554, 1580, 1657, 1662, 1813, 1850, 1873, 1883, 2079, 2197, 2202, 2240, 2302, 2327, 2347, 2384, 2437, 2698, 2709, 2743, 2749, 2753, 2763, 2814, 2826];3;12;38;82
['climat'];['climat'];['climat'];['sink'];[1316, 1317, 1401, 1404, 1739, 1879];3;12;38;83
['climat'];['climat'];['climat'];['climat'];[15, 158, 241, 287, 1149, 1193, 1488, 1612, 1649, 1968, 2209, 2210, 2246, 2624, 2683, 2726];3;12;38;84
['climat'];['climat'];['climat'];['precipit'];[229, 275, 885, 1033, 1204, 1225, 1437, 1456, 1894, 2164, 2614, 2655, 2806];3;12;39;85
['climat'];['climat'];['climat'];['climat'];[12, 88, 1129, 1867, 2071, 2279, 2283, 2284, 2285, 2461, 2621, 2758];3;12;39;86
['climat'];['climat'];['climat'];['region'];[21, 205, 988, 1108, 1146, 1243, 2713, 2829];3;12;39;87
['climat'];['climat'];['climat'];['land'];[208, 369, 400, 1442, 2800];3;12;39;88
['climat'];['climat'];['urban'];;[506, 638, 1102, 1179, 2085, 2303, 2513, 2854, 2887];3;12;40;
['climat'];['climat'];['climat'];['climat'];[146, 154, 197, 1037, 1051, 1171, 1188, 1299, 1383, 1446, 1548, 1655, 1664, 1668, 1672, 1823, 2040, 2075, 2152, 2205, 2227, 2242, 2310, 2326, 2330, 2356, 2428, 2438, 2448, 2449, 2679, 2705, 2873];3;12;41;89
['climat'];['climat'];['climat'];['health'];[35, 51, 1050, 1474, 1820, 1911, 2219, 2736, 2783];3;12;41;90
['climat'];['drought'];['drought'];['drought'];[159, 561, 655, 839, 1207, 1636, 2724, 2803, 2851, 2859];3;13;42;91
['climat'];['drought'];['drought'];['precipit'];[110, 1712, 2361];3;13;42;92
['climat'];['drought'];['drought'];['generat'];[1386];3;13;42;93
['climat'];['drought'];['seri'];;[2468];3;13;43;
['polici'];['air'];['health'];['health'];[29, 319, 332, 394, 478, 485, 1555, 1565, 1781, 1890, 1891, 2797];4;14;44;94
['polici'];['air'];['health'];['benefit'];[423, 430, 564, 619, 1502, 2622, 2628, 2636, 2645, 2668];4;14;44;95
['polici'];['air'];['health'];['concentr'];[1508, 2207];4;14;44;96
['polici'];['air'];['air'];['pollut'];[147, 338, 397, 407, 620, 634, 762, 767, 788, 794, 795, 805, 811, 838, 857, 1242, 1812, 1821, 2049, 2868];4;14;45;97
['polici'];['air'];['air'];['pollut'];[498, 625, 741, 1009, 1493, 1635, 2036, 2050, 2190, 2323, 2716];4;14;45;98
['polici'];['air'];['air'];['air'];[533, 592, 906, 984, 1626, 1696, 1755, 1899, 2372, 2429, 2685, 2712, 2791];4;14;45;99
['polici'];['air'];['air'];['cobenefit'];[317, 418, 1768, 2671, 2706, 2707, 2718, 2796];4;14;45;100
['polici'];['air'];['air'];['polici'];[331, 524, 584, 627, 722, 2432, 2840];4;14;45;101
['polici'];['polici'];['technolog'];['technolog'];[244, 341, 562, 599, 914, 996, 1024, 1254, 1326, 1366, 1382, 1408, 1409, 1514, 1541, 1561, 1593, 1609, 1944, 1988, 2086, 2799, 2824];4;15;46;102
['polici'];['polici'];['technolog'];['cc'];[414, 858, 916, 940, 1000, 1141, 1192, 1308, 1322, 1375, 1722, 1888, 2068, 2100, 2128, 2165, 2568, 2866, 2879];4;15;46;103
['polici'];['polici'];['polici'];['climat'];[132, 357, 440, 791, 1077, 1097, 1116, 1233, 1245, 1281, 1292, 1297, 1306, 1323, 1327, 1331, 1333, 1350, 1355, 1363, 1427, 1504, 1505, 1598, 1606, 1627, 1645, 1676, 1688, 1689, 1945, 2001, 2031, 2051, 2055, 2173, 2355, 2373, 2386, 2397, 2400, 2441, 2704, 2757, 2817, 2833];4;15;47;104
['polici'];['polici'];['polici'];['european'];[76, 91, 127, 191, 1057, 1075, 1234, 1246, 1249, 1255, 1267, 1269, 1271, 1275, 1280, 1286, 1291, 1301, 1319, 1321, 1336, 1345, 1349, 1351, 1356, 1387, 1667, 2425];4;15;47;105
['polici'];['polici'];['polici'];['polici'];[30, 70, 178, 222, 232, 240, 255, 321, 333, 411, 727, 765, 778, 874, 961, 1036, 1049, 1103, 1140, 1231, 1256, 1258, 1261, 1274, 1278, 1282, 1302, 1304, 1341, 1359, 1491, 1588, 1610, 1625, 1633, 1852, 1928, 2275, 2278, 2281, 2546, 2617, 2745, 2770, 2821];4;15;47;106
['polici'];['polici'];['indc'];['lcts'];[1695, 2524];4;15;48;107
['polici'];['polici'];['indc'];['ghg'];[161, 1954, 2081, 2515, 2530];4;15;48;108
['polici'];['polici'];['indc'];['indc'];[170, 554, 588, 626, 699, 1303, 1772, 2222, 2379, 2588, 2702];4;15;48;109
['polici'];['polici'];['indc'];['technolog'];[637, 2245];4;15;48;110
['polici'];['polici'];['global'];['agreement'];[125, 242, 295, 438, 460, 461, 593, 823, 1064, 1482, 1523, 1571, 1693, 1728, 1746, 1777, 1941, 1942, 2004, 2084, 2374, 2434, 2440, 2589, 2667, 2771, 2863];4;15;49;111
['polici'];['polici'];['global'];['target'];[52, 211, 235, 248, 277, 292, 611, 883, 896, 901, 905, 927, 932, 933, 1013, 1072, 1076, 1320, 1358, 1568, 1595, 1613, 1617, 1620, 1738, 1752, 1805, 1824, 1849, 1861, 1929, 1947, 1961, 1986, 2008, 2014, 2015, 2024, 2026, 2341, 2789, 2825];4;15;49;112
['polici'];['polici'];['global'];['ghg'];[134, 142, 143, 148, 150, 151, 179, 187, 212, 487, 555, 707, 834, 919, 1017, 1053, 1176, 1324, 1552, 1581, 1719, 1730, 1745, 1798, 1838, 1923, 2063, 2074, 2116, 2187, 2226, 2251, 2273, 2301, 2399, 2451, 2457, 2480, 2576, 2602, 2647, 2651, 2665, 2672, 2820, 2867];4;15;49;113
['polici'];['polici'];['develop'];['develop'];[214, 316, 413, 458, 736, 784, 894, 963, 983, 1148, 1170, 1213, 1214, 1215, 1230, 1235, 1293, 1389, 1393, 1519, 1682, 1683, 1704, 1735, 1789, 1814, 1856, 2042, 2045, 2091, 2230, 2238, 2248, 2308, 2380, 2447, 2454, 2490, 2511, 2540, 2600, 2606, 2876];4;15;50;114
['polici'];['polici'];['develop'];['project'];[10, 26, 114, 140, 155, 265, 340, 513, 640, 863, 967, 1125, 1222, 1330, 1334, 1379, 1447, 1459, 1473, 1477, 1479, 1481, 1494, 1529, 1533, 1546, 1670, 1699, 1848, 1896, 1898, 1906, 1915, 1940, 1943, 2044, 2135, 2153, 2160, 2228, 2261, 2293, 2349, 2483, 2564, 2592, 2664, 2853];4;15;50;115
['polici'];['polici'];['develop'];['secur'];[173, 188, 395, 544, 843, 892, 978, 993, 1012, 1022, 1029, 1239, 1616, 1677, 1703, 1709, 1907, 1938, 2013, 2072, 2368, 2510, 2556, 2579, 2830];4;15;50;116
['polici'];['polici'];['develop'];['citi'];[25, 56, 475, 613, 646, 667, 782, 826, 830, 872, 879, 908, 1232, 1553, 1686, 1707, 1711, 1763, 1801, 1991, 2342, 2455, 2486, 2497, 2509, 2529, 2591];4;15;50;117
['polici'];['ghg'];['ghg'];['agricultur'];[99, 177, 182, 190, 236, 935, 1276, 1294, 1525, 1572, 1681, 2037, 2159, 2494, 2616, 2857];4;16;51;118
['polici'];['ghg'];['ghg'];['ghg'];[11, 120, 194, 220, 227, 228, 234, 276, 293, 372, 375, 379, 552, 566, 726, 763, 994, 1166, 1174, 1183, 1184, 1439, 1445, 1467, 1469, 1549, 1577, 1733, 1770, 1818, 1917, 2078, 2090, 2099, 2141, 2155, 2158, 2169, 2176, 2178, 2188, 2203, 2389, 2445, 2446, 2504, 2505, 2508, 2512, 2517, 2522, 2523, 2527, 2563, 2607, 2642, 2660, 2778, 2792, 2801, 2849];4;16;51;119
['polici'];['ghg'];['gas'];['oil'];[63, 69, 92, 224, 254, 433, 550, 688, 1010, 1160, 1679, 1684, 1874, 1892, 2134, 2201, 2252, 2357, 2433, 2463, 2465, 2562, 2643, 2708, 2720, 2738, 2815];4;16;52;120
['polici'];['ghg'];['gas'];['gas'];[14, 107, 210, 380, 409, 455, 491, 525, 576, 633, 662, 708, 828, 870, 930, 995, 1135, 1138, 1139, 1229, 1264, 1405, 1464, 1496, 1550, 1872, 2057, 2282, 2652, 2688, 2812];4;16;52;121
['polici'];['ghg'];['hydrogen'];;[48, 361, 1091, 1143, 1147, 1167, 1263, 1564, 1880, 2740];4;16;53;
['polici'];['ghg'];['mitig'];['cost'];[83, 129, 175, 198, 200, 206, 231, 595, 787, 1014, 1026, 1031, 1042, 1043, 1062, 1142, 1162, 1178, 1237, 1318, 1346, 1421, 1432, 1567, 1642, 1715, 1716, 1741, 1829, 2058, 2307, 2385, 2528, 2548, 2549, 2573, 2580, 2601, 2611, 2646, 2774, 2872];4;16;54;122
['polici'];['ghg'];['mitig'];['save'];[40, 46, 94, 117, 157, 204, 258, 370, 521, 743, 800, 840, 844, 887, 899, 900, 918, 990, 1035, 1122, 1191, 1337, 1399, 1406, 1440, 1468, 1472, 1578, 1630, 1762, 1792, 1816, 1830, 1903, 1937, 1977, 1987, 2002, 2065, 2083, 2106, 2108, 2140, 2163, 2265, 2288, 2320, 2362, 2435, 2466, 2534, 2583, 2584, 2605, 2694, 2793, 2836, 2837];4;16;54;123
['polici'];['ghg'];['mitig'];['product'];[1, 6, 19, 38, 68, 72, 100, 109, 121, 123, 126, 131, 144, 192, 202, 203, 223, 226, 245, 250, 300, 303, 318, 353, 356, 384, 502, 517, 589, 657, 700, 729, 772, 798, 846, 849, 897, 909, 946, 977, 992, 1005, 1007, 1082, 1095, 1109, 1112, 1159, 1175, 1205, 1250, 1252, 1290, 1335, 1338, 1388, 1394, 1416, 1430, 1436, 1498, 1534, 1674, 1700, 1791, 1793, 1817, 1841, 1842, 1854, 1868, 1895, 1916, 1924, 1935, 1953, 1997, 2003, 2046, 2096, 2097, 2115, 2162, 2170, 2218, 2233, 2239, 2287, 2314, 2318, 2375, 2377, 2382, 2404, 2411, 2459, 2481, 2496, 2521, 2587, 2610, 2615, 2620, 2632, 2675, 2687, 2696, 2756, 2767, 2852];4;16;54;124
['polici'];['ghg'];['mitig'];['residenti'];[23, 43, 133, 138, 216, 278, 431, 484, 492, 511, 559, 777, 790, 852, 949, 960, 1163, 1200, 1288, 1685, 1691, 1706, 1761, 1809, 1825, 1956, 1978, 2132, 2339, 2423, 2539, 2545, 2662, 2755, 2834, 2845];4;16;54;125
['polici'];['ghg'];['wast'];['wast'];[95, 96, 102, 165, 183, 186, 339, 1061, 1161, 1247, 1248, 1495, 1558, 1650, 1771, 1918, 1964, 2048, 2052, 2059, 2172, 2199, 2277, 2321, 2358, 2575, 2585];4;16;55;126
['polici'];['ghg'];['wast'];['methan'];[8, 1692, 1920, 2855];4;16;55;127
['polici'];['heat'];['biomass'];['product'];[45, 128, 225];4;17;56;128
['polici'];['heat'];['biomass'];['biomass'];[77, 78, 130, 156, 207, 264, 590, 822, 1217, 1241, 1347, 1398, 1470, 1955, 2148, 2294, 2295, 2304, 2491, 2581, 2635, 2692];4;17;56;129
['polici'];['heat'];['biomass'];['residu'];[695, 1236, 1970, 2229, 2669];4;17;56;130
['polici'];['heat'];['bioenergi'];['system'];[1438, 1853, 2489, 2492];4;17;57;131
['polici'];['heat'];['bioenergi'];['technolog'];[85, 1134, 1342, 2193, 2298];4;17;57;132
['polici'];['heat'];['bioenergi'];['bau'];[1530, 1806, 1807];4;17;57;133
['polici'];['heat'];['bioenergi'];['bioenergi'];[87, 230, 976, 1273, 1361, 1520, 1603, 1858, 2166, 2444];4;17;57;134
['polici'];['heat'];['heat'];['pellet'];[74, 79, 1391, 1444, 1486, 1521, 1562, 1605, 1628, 1726, 2881];4;17;58;135
['polici'];['heat'];['heat'];['heat'];[84, 261, 539, 799, 1079, 1152, 1154, 1157, 1332, 1418, 1465, 1466, 1480, 1483, 1527, 1528, 1544, 1591, 2034, 2157, 2292, 2415, 2475, 2499, 2500, 2626];4;17;58;136
['polici'];['heat'];['biofuel'];['biofuel'];[184, 689, 821, 1227, 1309, 1371, 1372, 1374, 1419, 1748, 1784, 2328, 2775];4;17;59;137
['polici'];['heat'];['biofuel'];['fuel'];[82, 180, 274, 1266, 1364, 1574, 1669, 2195, 2211, 2629, 2654];4;17;59;138
['polici'];['build'];['build'];['build'];[71, 719, 1027, 1094, 1131, 1156, 1244, 1475, 1524, 1596, 1597, 1607, 1727, 1774, 1790, 1901, 1902, 2005, 2009, 2016, 2133, 2151, 2266, 2324, 2325, 2442, 2555, 2648, 2676];4;18;60;139
['polici'];['build'];['build'];['hous'];[1443, 1449, 1566, 1575, 2120, 2299, 2476];4;18;60;140
['polici'];['build'];['build'];['green'];[36, 1515, 1661, 2113, 2118, 2470, 2472, 2473];4;18;61;141
['polici'];['build'];['build'];['build'];[2, 73, 163, 174, 215, 246, 262, 266, 270, 308, 364, 377, 450, 553, 580, 628, 701, 742, 797, 882, 923, 924, 928, 948, 1006, 1069, 1202, 1240, 1453, 1512, 1513, 1526, 1532, 1538, 1602, 1608, 1659, 1671, 1720, 1744, 1870, 1908, 2029, 2069, 2149, 2235, 2297, 2315, 2430, 2439, 2474, 2484, 2639, 2711, 2735, 2776, 2785];4;18;61;142
['carbon'];['industri'];['steel'];['steel'];[385, 666, 668, 672, 723, 827, 869, 1893, 1960, 2022, 2184, 2571, 2599, 2844];5;19;62;143
['carbon'];['industri'];['steel'];['technolog'];[141, 343, 388, 468, 534, 747, 837, 875, 922, 1087, 1090, 1115, 1946, 2686, 2752];5;19;62;144
['carbon'];['industri'];['industri'];['industri'];[106, 145, 299, 306, 329, 348, 351, 378, 404, 417, 424, 462, 473, 508, 606, 617, 664, 670, 697, 702, 706, 716, 718, 721, 725, 754, 780, 833, 850, 903, 1071, 1343, 1582, 1828, 2125, 2145, 2305, 2552, 2558];5;19;63;145
['carbon'];['industri'];['industri'];['industri'];[416, 428, 482, 504, 514, 546, 622, 624, 673, 730, 944, 982, 998, 1268, 1455, 1503, 1962, 2033, 2124, 2633, 2818];5;19;63;146
['carbon'];['tax'];['tax'];['tax'];[284, 873, 955, 1448, 2191, 2206, 2249, 2338, 2412, 2618, 2762];5;20;64;147
['carbon'];['tax'];['tax'];['storag'];[166, 2443, 2727];5;20;64;148
['carbon'];['tax'];['carbon'];['indc'];[2586];5;20;65;149
['carbon'];['tax'];['carbon'];['carbon'];[551, 865, 880, 1251, 2094];5;20;65;150
['carbon'];['tax'];['carbon'];['industri'];[479, 489, 676, 2542];5;20;65;151
['carbon'];['tax'];['carbon'];['tax'];[104, 189, 302, 347, 453, 509, 526, 527, 630, 921, 1731, 1846, 1933, 2023, 2028, 2331, 2659, 2865, 2871, 2875];5;20;65;152
['carbon'];['tax'];['carbon'];['power'];[305];5;20;65;153
['carbon'];['cement'];['sector'];;[1545, 1749];5;21;66;
['carbon'];['cement'];['cement'];['direct'];[1357];5;21;67;154
['carbon'];['cement'];['cement'];['cement'];[902, 938, 1117, 1799];5;21;67;155
['carbon'];['cement'];['cement'];['cement'];[310, 312, 335, 346, 439, 538, 660, 710, 809, 2200, 2507, 2520];5;21;67;156
['carbon'];['cement'];['technolog'];;[687, 704, 832, 856];5;21;68;
['carbon'];['cement'];['price'];;[596, 1373];5;21;69;
['carbon'];['carbon'];['alloc'];;[297, 330, 358, 391, 425, 437, 540, 542, 712, 724];5;22;70;
['carbon'];['carbon'];['carbon'];['carbon'];[193, 201, 381, 436, 560, 651, 698, 735, 980, 1206, 1441, 1547, 1673, 1717, 1840, 1847, 2006, 2007, 2144, 2175, 2208, 2224, 2225, 2262, 2286, 2453, 2604, 2609, 2734, 2802];5;22;71;157
['carbon'];['carbon'];['carbon'];['carbon'];[54, 298, 327, 420, 426, 449, 451, 452, 569, 572, 607, 616, 623, 658, 663, 696, 773, 884, 890, 1353, 1392, 1417, 1458, 1460, 1485, 1531, 1594, 1615, 1623, 1967, 2088, 2101, 2244, 2264, 2772, 2790, 2822, 2831, 2841];5;22;71;158
['carbon'];['carbon'];['carbon'];['carbon'];[136, 253, 263, 313, 334, 355, 401, 412, 435, 480, 500, 501, 571, 591, 605, 635, 679, 681, 682, 683, 692, 693, 711, 766, 768, 806, 841, 947, 997, 999, 1020, 1021, 1279, 1298, 1313, 1344, 1395, 1576, 1705, 1788, 2056, 2070, 2174, 2179, 2306, 2630, 2649, 2673, 2699, 2808];5;22;72;159
['carbon'];['carbon'];['carbon'];['carbon'];[419, 563, 575, 645, 652, 691, 860, 1023, 1058, 1226, 1402, 1631, 1927, 2095, 2121, 2129, 2167, 2263, 2557, 2813];5;22;72;160
['carbon'];['carbon'];['sequestr'];['sequestr'];[1253, 2019, 2021, 2217];5;22;73;161
['carbon'];['carbon'];['sequestr'];['afolu'];[1198, 2332, 2488, 2506];5;22;73;162
['carbon'];['carbon'];['sequestr'];['carbon'];[42, 410, 925, 1285, 1296, 1845, 2103, 2215, 2216, 2828, 2883];5;22;73;163
['carbon'];['peak'];['growth'];['remanufactur'];[363, 467, 608, 818];5;23;74;164
['carbon'];['peak'];['growth'];['structur'];[328, 349, 360, 367, 389, 429, 574, 603, 632, 694, 713, 776, 2367];5;23;74;165
['carbon'];['peak'];['growth'];['cobenefit'];[465, 483, 895, 941];5;23;74;166
['carbon'];['peak'];['growth'];['growth'];[684, 893, 973, 1710, 1759, 2603];5;23;74;167
['carbon'];['peak'];['growth'];['export'];[366, 709, 781, 1039, 1040];5;23;74;168
['carbon'];['peak'];['consumpt'];['forecast'];[421, 493, 494, 581];5;23;75;169
['carbon'];['peak'];['consumpt'];['consumpt'];[441, 499, 674, 690, 714, 750, 758, 775, 878, 913, 915, 945, 952, 956, 958, 968, 971, 974, 2862];5;23;75;170
['carbon'];['peak'];['peak'];['peak'];[301, 309, 311, 314, 324, 342, 350, 359, 362, 399, 406, 427, 432, 442, 444, 445, 457, 477, 488, 523, 528, 529, 530, 567, 594, 609, 610, 631, 654, 705, 740, 744, 789, 793, 829, 835, 862, 866, 937, 2731];5;23;76;171
['carbon'];['peak'];['peak'];['pollut'];[422, 568, 671, 785];5;23;76;172
['carbon'];['peak'];['intens'];['gdp'];[315, 408, 448, 490, 577, 604, 675, 929, 1028, 1882];5;23;77;173
['carbon'];['peak'];['intens'];['carbon'];[323, 443, 472, 600, 636, 686, 759, 815, 926, 957, 2570];5;23;77;174
['carbon'];['peak'];['intens'];['carbon'];[307, 326, 446, 481, 557, 578, 615, 641, 642, 731, 752, 861, 2243, 2359];5;23;77;175
